-- INSERT data
-- Authors: Yi Chen, Lujan Bajracharya
-- This SQL is used to insert data into each tables

--insert student data
INSERT INTO student_data (name, address, gender, birthdate)
VALUES
('John Doe', '123 Main St', 'Male', '2005-02-15'),
('Jane Smith', '456 Oak Ave', 'Female', '2006-04-20'),
('Michael Johnson', '789 Pine Rd', 'Male', '2005-08-10'),
('Emily Johnson', '321 Elm St', 'Female', '2004-12-25'),
('David Brown', '567 Birch Ln', 'Male', '2006-03-05'),
('Sarah Wilson', '890 Cedar Dr', 'Female', '2005-07-18'),
('James Taylor', '234 Willow Ave', 'Male', '2004-11-30'),
('Olivia Martin', '876 Spruce Blvd', 'Female', '2006-01-12'),
('Ethan Anderson', '543 Maple Rd', 'Male', '2005-05-22'),
('Sophia Thomas', '987 Birchcrest Dr', 'Female', '2004-09-08'),
('Alexander Clark', '210 Oakwood Blvd', 'Male', '2006-02-14'),
('William Hernandez', '654 Elmwood Ave', 'Male', '2005-06-16'),
('Ava Walker', '098 Pinehurst Rd', 'Female', '2004-10-04'),
('Benjamin Young', '432 Cedar Pl', 'Male', '2006-01-28'),
('Harper Scott', '765 Willowcrest Dr', 'Female', '2005-04-02'),
('Elijah Green', '109 Sprucewood Rd', 'Male', '2004-08-14'),
('Mia Lewis', '432 Oakdale Blvd', 'Female', '2006-02-09'),
('James Baker', '765 Maplehurst Ave', 'Male', '2005-05-27'),
('Amelia Hall', '098 Birchfield Dr', 'Female', '2004-09-03'),
('Logan Allen', '321 Elmwood Pl', 'Male', '2006-01-17'),
('Evelyn Adams', '654 Cedar Ridge', 'Female', '2005-04-21'),
('Lucas King', '987 Pinehurst Rd', 'Male', '2004-07-08'),
('Chloe Wright', '210 Oakwood Ln', 'Female', '2006-01-29'),
('Jackson Hill', '543 Maplewood Dr', 'Male', '2005-03-12'),
('Abigail Baker', '876 Birchcrest Ave', 'Female', '2004-11-26'),
('Noah Ross', '109 Willow Ave', 'Male', '2006-02-05'),
('Sophia Rivera', '432 Spruce Rd', 'Female', '2005-05-14'),
('Liam Wood', '765 Elm Ave', 'Male', '2004-08-19'),
('Isabella Ward', '098 Oak St', 'Female', '2006-01-02'),
('Jacob Hayes', '321 Pine Dr', 'Male', '2005-04-07'),
('Mia Cole', '654 Cedar Ave', 'Female', '2004-10-11'),
('Matthew Powell', '987 Birch Ln', 'Male', '2006-01-20'),
('Ava Long', '210 Elmwood Blvd', 'Female', '2005-03-18'),
('William Torres', '543 Oakhurst Rd', 'Male', '2004-07-22'),
('Charlotte Lee', '876 Maplewood Dr', 'Female', '2006-02-13'),
('Daniel Lopez', '109 Birchfield Ave', 'Male', '2005-06-09'),
('Amelia Scott', '432 Willowcrest Dr', 'Female', '2004-09-24'),
('Henry Green', '765 Oakdale Rd', 'Male', '2006-01-07'),
('Ella Adams', '098 Maplehurst Blvd', 'Female', '2005-04-03'),
('Alexander Hall', '321 Pinecrest Dr', 'Male', '2004-10-26'),
('Grace Parker', '654 Birchwood Ct', 'Female', '2006-01-10'),
('Jacob Stewart', '987 Willowwood Ln', 'Male', '2005-03-02'),
('Ava Cox', '210 Elm Ave', 'Female', '2004-07-15'),
('Liam Price', '543 Oakwood Blvd', 'Male', '2006-02-21'),
('Sophia Russell', '876 Pinehurst Ave', 'Female', '2005-06-04'),
('Benjamin Hayes', '109 Maplewood Dr', 'Male', '2004-08-27'),
('Emma Wood', '432 Birchwood Rd', 'Female', '2006-01-14'),
('James Brooks', '765 Oakhurst Rd', 'Male', '2005-04-19'),
('Olivia Bell', '098 Maplewood Dr', 'Female', '2004-10-30');

--
--insert 
INSERT INTO legal_guardian_data (name, homephone, address, gender, birthdate, children_responsible_for, relationship)
VALUES
('Emily Davis', '3456789012', '123 Main St', 'Female', '1975-03-10', 'John Doe', 'Parent'),
('David Brown', '4567890123', '456 Oak Ave', 'Male', '1972-07-15', 'Jane Smith', 'Parent'),
('Michael Taylor', '6789012345', '789 Pine Rd', 'Male', '1974-05-20', 'Michael Johnson', 'Parent'),
('Olivia Martin', '7890123456', '321 Elm St', 'Female', '1976-09-08', 'Emily Johnson', 'Parent'),
('Ethan Anderson', '8901234567', '567 Birch Ln', 'Male', '1973-11-25', 'David Brown', 'Parent'),
('Sophia Thomas', '9012345678', '890 Cedar Dr', 'Female', '1977-04-12', 'Sarah Wilson', 'Parent'),
('Alexander Clark', '0123456789', '234 Willow Ave', 'Male', '1971-08-30', 'James Taylor', 'Parent'),
('William Hernandez', '1122334455', '876 Spruce Blvd', 'Male', '1970-12-05', 'Olivia Martin', 'Parent'),
('Ava Walker', '2233445566', '543 Maple Rd', 'Female', '1978-02-14', 'Ethan Anderson', 'Parent'),
('Benjamin Young', '3344556677', '987 Birchcrest Dr', 'Male', '1972-06-22', 'Sophia Thomas', 'Parent'),
('Harper Scott', '4455667788', '210 Oakwood Blvd', 'Female', '1979-05-18', 'Alexander Clark', 'Parent'),
('Elijah Green', '5566778899', '654 Elmwood Ave', 'Male', '1971-09-27', 'William Hernandez', 'Parent'),
('Mia Lewis', '6677889900', '098 Pinehurst Rd', 'Female', '1980-03-03', 'Ava Walker', 'Parent'),
('James Baker', '7788990011', '432 Cedar Pl', 'Male', '1973-07-12', 'Benjamin Young', 'Parent'),
('Amelia Hall', '8899001122', '765 Willowcrest Dr', 'Female', '1981-01-28', 'Harper Scott', 'Parent'),
('Logan Allen', '9900112233', '109 Sprucewood Rd', 'Male', '1972-10-15', 'Elijah Green', 'Parent'),
('Evelyn Adams', '0011223344', '432 Oakdale Blvd', 'Female', '1982-04-20', 'Mia Lewis', 'Parent'),
('Lucas King', '1122334455', '765 Maplehurst Ave', 'Male', '1974-08-03', 'James Baker', 'Parent'),
('Chloe Wright', '2233445566', '098 Birchfield Dr', 'Female', '1983-06-18', 'Amelia Hall', 'Parent'),
('Jackson Hill', '3344556677', '321 Elmwood Pl', 'Male', '1973-12-11', 'Logan Allen', 'Parent'),
('Abigail Baker', '4455667788', '654 Cedar Ridge', 'Female', '1984-02-09', 'Evelyn Adams', 'Parent'),
('Noah Ross', '5566778899', '987 Pinehurst Rd', 'Male', '1975-04-14', 'Lucas King', 'Parent'),
('Sophia Rivera', '6677889900', '210 Oakwood Ln', 'Female', '1985-05-23', 'Chloe Wright', 'Parent'),
('Liam Wood', '7788990011', '543 Maplewood Dr', 'Male', '1976-07-27', 'Jackson Hill', 'Parent'),
('Isabella Ward', '8899001122', '876 Birchcrest Ave', 'Female', '1986-09-01', 'Abigail Baker', 'Parent'),
('Jacob Hayes', '9900112233', '109 Willow Ave', 'Male', '1977-10-08', 'Noah Ross', 'Parent'),
('Mia Cole', '0011223344', '432 Spruce Rd', 'Female', '1987-03-15', 'Sophia Rivera', 'Parent'),
('Matthew Powell', '1122334455', '765 Elm Ave', 'Male', '1978-12-22', 'Liam Wood', 'Parent'),
('Ava Long', '2233445566', '098 Oak St', 'Female', '1988-04-25', 'Isabella Ward', 'Parent'),
('William Torres', '3344556677', '321 Pine Dr', 'Male', '1979-06-30', 'Jacob Hayes', 'Parent'),
('Charlotte Lee', '4455667788', '654 Birchwood Ct', 'Female', '1989-07-11', 'Mia Cole', 'Parent'),
('Daniel Lopez', '5566778899', '987 Willowwood Ln', 'Male', '1980-09-17', 'Matthew Powell', 'Parent'),
('Amelia Scott', '6677889900', '210 Elm Ave', 'Female', '1990-01-04', 'Ava Long', 'Parent'),
('Henry Green', '7788990011', '543 Oakhurst Rd', 'Male', '1981-02-28', 'William Torres', 'Parent'),
('Ella Adams', '8899001122', '876 Maplewood Dr', 'Female', '1991-03-20', 'Charlotte Lee', 'Parent'),
('Alexander Hall', '9900112233', '109 Birchfield Ave', 'Male', '1982-05-29', 'Daniel Lopez', 'Parent'),
('Grace Parker', '0011223344', '432 Willowcrest Dr', 'Female', '1992-06-10', 'Amelia Scott', 'Parent'),
('Jacob Stewart', '1122334455', '765 Oakdale Rd', 'Male', '1983-07-07', 'Henry Green', 'Parent'),
('Ava Cox', '2233445566', '098 Maplehurst Blvd', 'Female', '1993-08-15', 'Ella Adams', 'Parent'),
('Liam Price', '3344556677', '321 Pinecrest Dr', 'Male', '1984-09-23', 'Alexander Hall', 'Parent'),
('Sophia Russell', '4455667788', '654 Birchwood Rd', 'Female', '1994-10-05', 'Grace Parker', 'Parent'),
('Benjamin Hayes', '5566778899', '987 Willowwood Ln', 'Male', '1985-11-11', 'Jacob Stewart', 'Parent'),
('Emma Wood', '6677889900', '210 Elm Ave', 'Female', '1995-12-30', 'Ava Cox', 'Parent'),
('James Brooks', '7788990011', '543 Oakwood Blvd', 'Male', '1986-01-08', 'Liam Price', 'Parent'),
('Olivia Bell', '8899001122', '876 Pinehurst Ave', 'Female', '1996-02-17', 'Sophia Russell', 'Parent');



--
--insert guardian_data
INSERT INTO guardian_data (legal_guardian_name, legal_guardian_homephone, student_name)
VALUES
('Emily Davis', '3456789012', 'John Doe'),
('David Brown', '4567890123', 'Jane Smith'),
('Michael Taylor', '6789012345', 'Michael Johnson'),
('Olivia Martin', '7890123456', 'Emily Johnson'),
('Ethan Anderson', '8901234567', 'David Brown'),
('Sophia Thomas', '9012345678', 'Sarah Wilson'),
('Alexander Clark', '0123456789', 'James Taylor'),
('William Hernandez', '1122334455', 'Olivia Martin'),
('Ava Walker', '2233445566', 'Ethan Anderson'),
('Benjamin Young', '3344556677', 'Sophia Thomas'),
('Harper Scott', '4455667788', 'Alexander Clark'),
('Elijah Green', '5566778899', 'William Hernandez'),
('Mia Lewis', '6677889900', 'Ava Walker'),
('James Baker', '7788990011', 'Benjamin Young'),
('Amelia Hall', '8899001122', 'Harper Scott'),
('Logan Allen', '9900112233', 'Elijah Green'),
('Evelyn Adams', '0011223344', 'Mia Lewis'),
('Lucas King', '1122334455', 'James Baker'),
('Chloe Wright', '2233445566', 'Amelia Hall'),
('Jackson Hill', '3344556677', 'Logan Allen'),
('Abigail Baker', '4455667788', 'Evelyn Adams'),
('Noah Ross', '5566778899', 'Lucas King'),
('Sophia Rivera', '6677889900', 'Chloe Wright'),
('Liam Wood', '7788990011', 'Jackson Hill'),
('Isabella Ward', '8899001122', 'Abigail Baker'),
('Jacob Hayes', '9900112233', 'Noah Ross'),
('Mia Cole', '0011223344', 'Sophia Rivera'),
('Matthew Powell', '1122334455', 'Liam Wood'),
('Ava Long', '2233445566', 'Isabella Ward'),
('William Torres', '3344556677', 'Jacob Hayes'),
('Charlotte Lee', '4455667788', 'Mia Cole'),
('Daniel Lopez', '5566778899', 'Matthew Powell'),
('Amelia Scott', '6677889900', 'Ava Long'),
('Henry Green', '7788990011', 'William Torres'),
('Ella Adams', '8899001122', 'Charlotte Lee'),
('Alexander Hall', '9900112233', 'Daniel Lopez'),
('Grace Parker', '0011223344', 'Amelia Scott'),
('Jacob Stewart', '1122334455', 'Henry Green'),
('Ava Cox', '2233445566', 'Ella Adams'),
('Liam Price', '3344556677', 'Alexander Hall'),
('Sophia Russell', '4455667788', 'Grace Parker'),
('Benjamin Hayes', '5566778899', 'Jacob Stewart'),
('Emma Wood', '6677889900', 'Ava Cox'),
('James Brooks', '7788990011', 'Liam Price'),
('Olivia Bell', '8899001122', 'Sophia Russell');



--
--insert enrollment
INSERT INTO enrollment (enroll_number, student_id, academic_year)
VALUES
(1001, 1, '2023S'),
(1002, 2, '2023S'),
(1003, 3, '2023S'),
(1004, 4, '2023S'),
(1005, 5, '2023S'),
(1006, 6, '2023S'),
(1007, 7, '2023S'),
(1008, 8, '2023S'),
(1009, 9, '2023S'),
(1010, 10, '2023S'),
(1011, 11, '2023S'),
(1012, 12, '2023S'),
(1013, 13, '2023S'),
(1014, 14, '2023S'),
(1015, 15, '2023S'),
(1016, 16, '2023S'),
(1017, 17, '2023S'),
(1018, 18, '2023S'),
(1019, 19, '2023S'),
(1020, 20, '2023S'),
(1021, 21, '2023S'),
(1022, 22, '2023S'),
(1023, 23, '2023S'),
(1024, 24, '2023S'),
(1025, 25, '2023S'),
(1026, 26, '2023S'),
(1027, 27, '2023S'),
(1028, 28, '2023S'),
(1029, 29, '2023S'),
(1030, 30, '2023S'),
(1031, 31, '2023S'),
(1032, 32, '2023S'),
(1033, 33, '2023S'),
(1034, 34, '2023S'),
(1035, 35, '2023S'),
(1036, 36, '2023S'),
(1037, 37, '2023S'),
(1038, 38, '2023S'),
(1039, 39, '2023S'),
(1040, 40, '2023S'),
(1041, 41, '2023S'),
(1042, 42, '2023S'),
(1043, 43, '2023S'),
(1044, 44, '2023S'),
(1045, 45, '2023S'),
(1046, 46, '2023S'),
(1047, 47, '2023S'),
(1048, 48, '2023S'),
(1049, 49, '2023S');




--
--insert student_gpa
INSERT INTO student_gpa (student_id, academic_year, course_name, course_gpa)
VALUES
(1, '2023S', 'Mathematics', 3.5),
(2, '2023S', 'Science', 3.7),
(3, '2023S', 'English', 3.9),
(4, '2023S', 'History', 3.2),
(5, '2023S', 'Art', 3.8),
(6, '2023S', 'Physics', 3.6),
(7, '2023S', 'Chemistry', 3.3),
(8, '2023S', 'Biology', 3.1),
(9, '2023S', 'Geography', 3.4),
(10, '2023S', 'Computer Science', 3.7),
(11, '2023S', 'Economics', 3.9),
(12, '2023S', 'Music', 3.6),
(13, '2023S', 'Physical Education', 3.2),
(14, '2023S', 'Drama', 3.8),
(15, '2023S', 'Foreign Language', 3.5),
(16, '2023S', 'Psychology', 3.9),
(17, '2023S', 'Sociology', 3.4),
(18, '2023S', 'Philosophy', 3.1),
(19, '2023S', 'Literature', 3.6),
(20, '2023S', 'Anthropology', 3.3),
(21, '2023S', 'Health Education', 3.7),
(22, '2023S', 'Engineering', 3.9),
(23, '2023S', 'Architecture', 3.2),
(24, '2023S', 'Business Administration', 3.8),
(25, '2023S', 'Marketing', 3.5),
(26, '2023S', 'Finance', 3.6),
(27, '2023S', 'Human Resources', 3.4),
(28, '2023S', 'Management', 3.7),
(29, '2023S', 'Operations', 3.9),
(30, '2023S', 'Supply Chain', 3.2),
(31, '2023S', 'Information Technology', 3.8),
(32, '2023S', 'Data Science', 3.5),
(33, '2023S', 'Machine Learning', 3.6),
(34, '2023S', 'Artificial Intelligence', 3.9),
(35, '2023S', 'Robotics', 3.3),
(36, '2023S', 'Cybersecurity', 3.7),
(37, '2023S', 'Digital Marketing', 3.4),
(38, '2023S', 'Social Media', 3.5),
(39, '2023S', 'Graphic Design', 3.8),
(40, '2023S', 'Web Development', 3.6),
(41, '2023S', 'Mobile App Development', 3.2),
(42, '2023S', 'Game Design', 3.9),
(43, '2023S', 'UI/UX Design', 3.7),
(44, '2023S', 'Software Engineering', 3.1),
(45, '2023S', 'Network Administration', 3.6),
(46, '2023S', 'Cloud Computing', 3.5),
(47, '2023S', 'IoT', 3.4),
(48, '2023S', 'Blockchain', 3.3),
(49, '2023S', 'Big Data', 3.8),
(50, '2023S', 'Quantum Computing', 3.7),
(51, '2023S', 'Data Analytics', 3.5),
(52, '2023S', 'Bioinformatics', 3.6),
(53, '2023S', 'Virtual Reality', 3.8),
(54, '2023S', 'Augmented Reality', 3.4),
(55, '2023S', 'Game Development', 3.9),
(56, '2023S', 'Network Security', 3.6),
(57, '2023S', 'Database Management', 3.5),
(58, '2023S', 'Cloud Infrastructure', 3.7),
(59, '2023S', 'Systems Analysis', 3.8),
(60, '2023S', 'Human-Computer Interaction', 3.4),
(61, '2023S', 'Software Testing', 3.6),
(62, '2023S', 'Embedded Systems', 3.5),
(63, '2023S', 'Computer Graphics', 3.7),
(64, '2023S', 'Artificial Intelligence Ethics', 3.8),
(65, '2023S', 'Cyber-Physical Systems', 3.6),
(66, '2023S', 'Information Security', 3.7),
(67, '2023S', 'Data Privacy', 3.5),
(68, '2023S', 'Natural Language Processing', 3.9),
(69, '2023S', 'Deep Learning', 3.8),
(70, '2023S', 'Software Architecture', 3.6),
(71, '2023S', 'Systems Programming', 3.7),
(72, '2023S', 'Computational Biology', 3.5),
(73, '2023S', 'Digital Signal Processing', 3.9),
(74, '2023S', 'Big Data Analytics', 3.8),
(75, '2023S', 'Computer Vision', 3.7),
(76, '2023S', 'Ethical Hacking', 3.5),
(77, '2023S', 'Mobile Computing', 3.6),
(78, '2023S', 'Blockchain Technology', 3.8),
(79, '2023S', 'Cryptography', 3.7),
(80, '2023S', 'Software Development Lifecycle', 3.9),
(81, '2023S', 'Agile Methodologies', 3.6),
(82, '2023S', 'Project Management', 3.5),
(83, '2023S', 'Information Retrieval', 3.8),
(84, '2023S', 'Knowledge Management', 3.7),
(85, '2023S', 'Computer Networks', 3.6),
(86, '2023S', 'Digital Forensics', 3.5),
(87, '2023S', 'Computer-Aided Design', 3.8),
(88, '2023S', 'Human-Robot Interaction', 3.7),
(89, '2023S', 'Web Security', 3.6),
(90, '2023S', 'Geographic Information Systems', 3.8),
(91, '2023S', 'Internet of Things', 3.5),
(92, '2023S', 'Advanced Robotics', 3.9),
(93, '2023S', 'Smart Systems', 3.6),
(94, '2023S', 'Data Warehousing', 3.7),
(95, '2023S', 'Advanced Databases', 3.8),
(96, '2023S', 'Information Systems Management', 3.6),
(97, '2023S', 'Virtualization', 3.7),
(98, '2023S', 'Digital Media', 3.5),
(99, '2023S', 'HCI Design', 3.8),
(100, '2023S', 'Social Computing', 3.7),
(101, '2023S', 'Digital Innovation', 3.5),
(102, '2023S', 'Intelligent Systems', 3.6),
(103, '2023S', 'Computational Finance', 3.8),
(104, '2023S', 'Predictive Analytics', 3.7),
(105, '2023S', 'Operational Research', 3.6),
(106, '2023S', 'Decision Support Systems', 3.5),
(107, '2023S', 'Simulation and Modeling', 3.9),
(108, '2023S', 'Statistical Computing', 3.8),
(109, '2023S', 'Bioengineering', 3.7),
(110, '2023S', 'Health Informatics', 3.5),
(111, '2023S', 'Data Visualization', 3.6),
(112, '2023S', 'Algorithm Design', 3.9),
(113, '2023S', 'Software Development', 3.8),
(114, '2023S', 'Cloud Services', 3.7),
(115, '2023S', 'Software Engineering Principles', 3.5),
(116, '2023S', 'Systems Integration', 3.6),
(117, '2023S', 'Parallel Computing', 3.8),
(118, '2023S', 'Internet Applications', 3.7),
(119, '2023S', 'Computational Intelligence', 3.5),
(120, '2023S', 'Computer-Assisted Learning', 3.6),
(121, '2023S', 'AI and Society', 3.8),
(122, '2023S', 'Technology and Ethics', 3.7),
(123, '2023S', 'Advanced Machine Learning', 3.5),
(124, '2023S', 'Speech Recognition', 3.6),
(125, '2023S', 'Data Engineering', 3.8),
(126, '2023S', 'High-Performance Computing', 3.7),
(127, '2023S', 'Computational Neuroscience', 3.5),
(128, '2023S', 'Advanced Computer Networks', 3.6),
(129, '2023S', 'Energy Systems', 3.9),
(130, '2023S', 'Biotechnology', 3.7),
(131, '2023S', 'Human Factors Engineering', 3.5),
(132, '2023S', 'Wearable Technology', 3.8),
(133, '2023S', 'Medical Informatics', 3.7),
(134, '2023S', 'Distributed Systems', 3.5),
(135, '2023S', 'Computational Geometry', 3.6),
(136, '2023S', 'Interactive Systems', 3.8),
(137, '2023S', 'Financial Technologies', 3.7),
(138, '2023S', 'Robust Control Systems', 3.6),
(139, '2023S', 'Computer Vision Applications', 3.5),
(140, '2023S', 'Data Science and Engineering', 3.8),
(141, '2023S', 'Network Protocols', 3.7),
(142, '2023S', 'Advanced Programming', 3.6),
(143, '2023S', 'Mobile Technologies', 3.8),
(144, '2023S', 'Virtual Environments', 3.7),
(145, '2023S', 'Techno-Economic Analysis', 3.5),
(146, '2023S', 'Ethical AI', 3.6),
(147, '2023S', 'High-Tech Manufacturing', 3.8),
(148, '2023S', 'Artificial Intelligence Models', 3.7),
(149, '2023S', 'Advanced Data Management', 3.6),
(150, '2023S', 'Tech Entrepreneurship', 3.8),
(151, '2023S', 'Tech Policy', 3.7),
(152, '2023S', 'Advanced Artificial Intelligence', 3.5),
(153, '2023S', 'Environmental Informatics', 3.8),
(154, '2023S', 'Cognitive Computing', 3.6),
(155, '2023S', 'Quantum Information Science', 3.9),
(156, '2023S', 'Augmented Intelligence', 3.7),
(157, '2023S', 'Digital Twin Technologies', 3.5),
(158, '2023S', 'Synthetic Biology', 3.8),
(159, '2023S', 'Advanced Robotics Systems', 3.6),
(160, '2023S', 'Wearable Computing', 3.7),
(161, '2023S', 'Smart Grid Technology', 3.5),
(162, '2023S', 'Human-Centric Design', 3.8),
(163, '2023S', 'Digital Health', 3.7),
(164, '2023S', 'Ethical Computing', 3.6),
(165, '2023S', 'Space Computing', 3.9),
(166, '2023S', 'Swarm Robotics', 3.8),
(167, '2023S', 'Biometrics', 3.7),
(168, '2023S', 'Advanced Network Design', 3.5),
(169, '2023S', 'Artificial Neural Networks', 3.6),
(170, '2023S', 'Smart Cities', 3.8),
(171, '2023S', 'Autonomous Systems', 3.7),
(172, '2023S', 'Medical Data Science', 3.5),
(173, '2023S', 'Blockchain Security', 3.8),
(174, '2023S', 'Intelligent Systems Design', 3.7),
(175, '2023S', 'Biological Data Analysis', 3.5),
(176, '2023S', 'Advanced Algorithms', 3.6),
(177, '2023S', 'Embedded Intelligence', 3.8),
(178, '2023S', 'Digital Fabrication', 3.7),
(179, '2023S', 'AI in Healthcare', 3.5),
(180, '2023S', 'Cyber-Physical Systems Design', 3.6),
(181, '2023S', 'Data-Driven Decision Making', 3.8),
(182, '2023S', 'Advanced User Interfaces', 3.7),
(183, '2023S', 'Digital Ethics', 3.5),
(184, '2023S', 'Computational Neuroscience Applications', 3.8),
(185, '2023S', 'Robotic Process Automation', 3.7),
(186, '2023S', 'AI in Finance', 3.6),
(187, '2023S', 'Interactive Robotics', 3.9),
(188, '2023S', 'Advanced Data Analytics', 3.8),
(189, '2023S', 'Tech-Enhanced Learning', 3.7),
(190, '2023S', 'Digital Platforms', 3.6),
(191, '2023S', 'Neural Network Architectures', 3.8),
(192, '2023S', 'AI-Driven Innovation', 3.7),
(193, '2023S', 'Augmented Reality in Education', 3.6),
(194, '2023S', 'Virtual Reality Systems', 3.8),
(195, '2023S', 'Advanced Cloud Technologies', 3.7),
(196, '2023S', 'Ethical Data Use', 3.5),
(197, '2023S', 'Tech for Social Good', 3.8),
(198, '2023S', 'AI and Big Data', 3.7),
(199, '2023S', 'Predictive Modeling', 3.6),
(200, '2023S', 'Digital Transformation', 3.8);



